{
  "company":[
    {
      "name":"Swisscom",
      "id":101,
      "contact":"Melicia Montique",
      "phone":"0798013473",
      "email":"melicia.montique@swisscom.com",
      "url":"www.swisscom.ch",
      "profession":"Mediamatiker*innen"
    },
    {
      "id":102,
      "name":"Migros",
      "contact":"Laura Schibli",
      "phone":"0791234567",
      "email":"laura.schibli@migros.com",
      "url":"www.migros.ch",
      "profession":"Mediamatiker*innen"
    },
    {
      "id":103,
      "name":"SRF",
      "contact":"Leandro Leombruni",
      "phone":"0799876543",
      "email":"leandro.leombruni@srf.com",
      "url":"www.srf.ch",
      "profession":"Informatiker*innen"
    }
  ]
}